{
  "author": "Nayan",
  "autoRestart": true,
  "accpetPending": false,
  "developermode": false,
  "language": "en",
  "notification": false,
  "approval": false,
  "saveState": true,
  "BOTNAME": "𝐅𝐀𝐇𝐈𝐌 𝐂𝐇𝐎𝐖𝐃𝐇𝐔𝐑𝐘 𝐁𝐎𝐓__//😻😽",
  "PREFIX": "/",
  "OPERATOR": [
    "100089843872421",
    "100029901980367"
  ],
  "ADMINBOT": [
    "100089843872421",
    "100029901980367"
  ],
  "OWNER": ["100000959749712"], 
  "APPROVED": [100089843872421],
  "disabledcmds": [],
  "disabledevents": [],
  "note": "make sure that the bot name you entered is all lowercase",
  "notice": "dont cng author name and owner uid. otherwise bot not working",
  "notice2": "if you run use email and password, use saveState false; otherwise, use saveState true"
}
